"AnimalType,Name,SpecificBreed,PrimaryBreed,PrimaryColour,De-sexed,Gender,Age,Locality"
"D         ,UNKNOWN DOG NAME,POODLETOY ,POODLE,Grey      ,Y,F,31,NINDERRY"
"D         ,Cheer,GERMNSHEP ,GERMNS,BlackTan  ,Y,F,22,BRIDGES"
"D         ,Emie,FOXTERRMN ,FOXTER,BlackWhite,Y,F,20,BURNSIDE"
"D         ,Jess,MALTESE   ,MALTES,White     ,Y,M,16,BLI BLI"
"D         ,Style,BICHONFRS ,BICHON,White     ,Y,F,22,MOUNTAIN CREEK"
"D         ,Benny,SPANIELCV ,SPANIE,BlackWhite,Y,M,11,MAROOCHYDORE"
"D         ,Mifty,FOXTERRMN ,FOXTER,BlackWhite,Y,F,20,KULUIN"
"D         ,Lucy,LABRADOR  ,LABRAD,Gold      ,Y,F,20,BUDERIM"
"D         ,Jesse,LABRADORX ,LABRAD,Black     ,Y,M,21,COOLUM BEACH"
"D         ,Pat,LABRADOR  ,LABRAD,Gold      ,Y,M,21,EUDLO"
"D         ,Matilda Madeline,SHIHTZUX  ,SHIHTZ,White     ,Y,F,11,PACIFIC PARADISE"
"D         ,Lily,JACKRUSSL ,JACKRU,WhiteTan  ,Y,F,19,MAROOCHYDORE"
"D         ,Reggie,KELPIEAUS ,KELPIE,Red       ,Y,M,13,WEYBA DOWNS"
"D         ,Chloe,STAFFRDBT ,STAFFR,BlackBrinW,Y,F,18,NAMBOUR"
"D         ,Penny,TERRIERTN ,TERRIE,TriColour ,Y,F,18,BUDERIM"
"D         ,Sooty,POODLEMIN ,POODLE,Black     ,Y,M,18,NAMBOUR"
"D         ,Maggie,TERRIERTN ,TERRIE,White     ,Y,M,18,BUDERIM"
"D         ,Hanson,SHEEPDGSH ,SHEEPD,TriColour ,Y,M,18,BUDERIM"
"D         ,Jellybean,TERRIERTN ,TERRIE,WhiteBlack,Y,F,17,BUDERIM"
"D         ,Sebastian,SPANIELCV ,SPANIE,Blenheim  ,Y,M,19,BLI BLI"
"D         ,Harry,JACKRUSMNX,JACKRU,WhiteBlack,Y,M,17,BUDERIM"
"D         ,Maxwell,SHIHTZUX  ,SHIHTZ,TanWhite  ,Y,M,17,MOOLOOLABA"
"D         ,Biddy,MALTESTOYX,MALTES,White     ,Y,F,18,MAROOCHYDORE"
"D         ,Pablo,TERRIERSIX,TERRIE,Black     ,Y,M,24,MAROOCHYDORE"
"D         ,Jack,ALSATIAN  ,ALSATI,BlackBrown,Y,M,17,MONS"
"D         ,Anya,COLLBORDR ,COLLBO,BlackWhite,Y,F,17,ROSEMOUNT"
"D         ,Gizmo,SHIHTZU   ,SHIHTZ,Apricot   ,Y,F,20,BUDERIM"
"D         ,Shani,COLLBORDRX,COLLBO,Brindle   ,Y,F,17,BUDERIM"
"D         ,Tigga,JACKRUSSLX,JACKRU,TanWhite  ,Y,M,17,YANDINA"
"D         ,Phoenix,LABRADOR  ,LABRAD,Gold      ,Y,M,17,BLI BLI"
"D         ,Chardy,JACKRUSSL ,JACKRU,WhiteTan  ,Y,F,17,BUDERIM"
"D         ,J - Lo,COLLBORDRX,COLLBO,BlackTan  ,Y,F,17,MAROOCHYDORE"
"D         ,Oscar,JACKRUSSL ,JACKRU,TanWhite  ,Y,M,16,PALMWOODS"
"D         ,Tyke,POODLESTDX,POODLE,SilverTan ,Y,M,17,BURNSIDE"
"D         ,Billy,SHIHTZU   ,SHIHTZ,TriColour ,Y,M,17,NAMBOUR"
"D         ,Polly,MALTESEX  ,MALTES,White     ,Y,F,17,BRIDGES"
"D         ,Bess,POODLEMIN ,POODLE,Black     ,Y,F,16,MOUNT COOLUM"
"D         ,Delilah,BICHONFRS ,BICHON,White     ,Y,F,18,SIPPY DOWNS"
"D         ,Billie,STAFFRDBTX,STAFFR,Brindle   ,Y,F,16,MAROOCHYDORE"
"D         ,Bronson,CATTLEDOGX,CATTLE,BlackBlue ,Y,M,17,SIPPY DOWNS"
"D         ,Pippi,MALTESEX  ,MALTES,White     ,Y,M,18,BUDERIM"
"D         ,Max,JACKRUSSL ,JACKRU,TanWhite  ,Y,M,17,NORTH ARM"
"D         ,Dixie,TERRIERTN ,TERRIE,WhiteTan  ,Y,F,16,MARCOOLA"
"D         ,Rocky,JACKRUSSL ,JACKRU,BrownWhite,Y,M,17,MOUNTAIN CREEK"
"D         ,Max,COLLBORDR ,COLLBO,BlackWhite,Y,M,16,BUDERIM"
"D         ,Peibo,FOXTERRMNX,FOXTER,TriColour ,Y,F,16,NAMBOUR"
"D         ,Bambi,JACKRUSSLX,JACKRU,TriColour ,Y,F,18,LITTLE MOUNTAIN"
"D         ,Mimmi,SHIHTZUX  ,SHIHTZ,BeigeWhite,Y,F,16,MOOLOOLABA"
"D         ,Misty,COLLBORDRX,COLLBO,BlueMerle ,Y,F,16,EUMUNDI"
"D         ,Rex,TERRIER   ,TERRIE,Tan       ,Y,M,18,VALDORA"
"D         ,Max,JACKRUSSL ,JACKRU,TriColour ,Y,M,16,KULUIN"
"D         ,Russell,JACKRUSSL ,JACKRU,Multicol  ,Y,M,16,MAROOCHYDORE"
"D         ,Indy,FOXTERRMN ,FOXTER,TriColour ,Y,F,16,MUDJIMBA"
"D         ,Emily,POODLEMINX,POODLE,BlackTan  ,Y,F,16,MAROOCHYDORE"
"D         ,Guiness,POODLETOY ,POODLE,Black     ,Y,M,16,GOLDEN BEACH"
"D         ,Oscar,MALTESEX  ,MALTES,TanWhite  ,Y,M,16,KULUIN"
"D         ,Fred,RIDGEBACK ,RIDGEB,Red       ,Y,M,16,NAMBOUR"
"D         ,Patch,MALTESEX  ,MALTES,BlackWhite,Y,F,16,BLI BLI"
"D         ,Millie,JACKRUSSL ,JACKRU,TanWhite  ,Y,F,16,PEREGIAN BEACH"
"D         ,Tiffany,MAREMMSHP ,MAREMM,WhiteTan  ,Y,F,16,MAPLETON"
"D         ,Lucky,TERRIERTN ,TERRIE,WhiteTan  ,Y,M,16,BLI BLI"
"D         ,Aussie,CATTLEDOG ,CATTLE,BlackGrey ,Y,M,16,TANAWHA"
"D         ,Leroy,STAFFRDBTX,STAFFR,Black     ,Y,M,16,BLI BLI"
"D         ,Matilda,MALTESEX  ,MALTES,BlackTan  ,Y,F,16,WOOMBYE"
"D         ,Jack,KELPIEAUSX,KELPIE,Black     ,Y,M,16,MARCOOLA"
"D         ,Floppy,COLLBORDRX,COLLBO,WhiteTan  ,Y,F,16,ILKLEY"
"D         ,Napoleon,BICHONFRS ,BICHON,White     ,Y,M,16,PALMWOODS"
"D         ,Ricky,FOXTERRIEX,FOXTER,WhiteTan  ,Y,M,17,MAPLETON"
"D         ,Vinnie,JACKRUSSLX,JACKRU,TanWhite  ,Y,M,16,MARCOOLA"
"D         ,Murphy,LABRADOR  ,LABRAD,Black     ,Y,M,17,EUMUNDI"
"D         ,Chakra,CHIHUAHUAX,CHIHUA,Cream     ,Y,M,16,NAMBOUR"
"D         ,Isabella,BEAGLE    ,BEAGLE,WhiteBlakT,Y,F,16,BLI BLI"
"D         ,Jessie,DOBERMANX ,DOBERM,BlackBroWh,Y,F,16,IMAGE FLAT"
"D         ,Lucy,JACKRUSSLX,JACKRU,BrownWhite,Y,F,16,BLI BLI"
"D         ,Toto,POODLEMIN ,POODLE,Apricot   ,Y,M,15,BUDERIM"
"D         ,Molly,MALTESE   ,MALTES,White     ,Y,F,16,COOLUM BEACH"
"D         ,Ryan,SPANIELKCX,SPANIE,Blenheim  ,Y,M,16,PEREGIAN BEACH"
"D         ,Poppy,JACKRUSSL ,JACKRU,TanWhite  ,Y,F,16,BUDERIM"
"D         ,Kombi,RIDGEBACKX,RIDGEB,BlackTan  ,Y,F,15,COOLUM BEACH"
"D         ,Ruby,STAFFRDBTX,STAFFR,BlackWhite,Y,F,15,BUDERIM"
"D         ,Kosmos,SCHNAUZMN ,SCHNAU,BlackWhite,Y,M,15,BUDERIM"
"D         ,Chloe,MALTESE   ,MALTES,White     ,Y,F,15,MOOLOOLABA"
"D         ,Dante,MALTESEX  ,MALTES,White     ,Y,M,16,MAROOCHYDORE"
"D         ,Coco,LHASAAPSO ,LHASAA,White     ,Y,M,17,MOUNTAIN CREEK"
"D         ,Blondie,RETRIEVERX,RETRIE,Gold      ,Y,F,15,BUDERIM"
"D         ,Elmo,MALTESEX  ,MALTES,Fawn      ,Y,M,15,MUDJIMBA"
"D         ,Bella,FOXTERRIEX,FOXTER,WhiteBlack,Y,F,16,COOLUM BEACH"
"D         ,Milly,COLLBORDRX,COLLBO,BlackWhite,Y,F,15,MONTVILLE"
"D         ,Jewels,SPANIELCK ,SPANIE,BlackWhite,Y,F,20,MAPLETON"
"D         ,Beau,SHIHTZU   ,SHIHTZ,Cream     ,Y,M,15,MUDJIMBA"
"D         ,Lily,TERRIERTN ,TERRIE,BlackWhite,Y,F,16,BURNSIDE"
"D         ,Sophie,SHIHTZU   ,SHIHTZ,Sable     ,Y,F,15,KUREELPA"
"D         ,Bailey,LHASAAPSOX,LHASAA,WhiteTan  ,Y,M,16,WURTULLA"
"D         ,Bella,POODLEMINX,POODLE,BlackTan  ,Y,F,15,YANDINA"
"D         ,Holly,TERRIERMNX,TERRIE,TanWhite  ,Y,F,15,NAMBOUR"
"D         ,Shadow,JACKRUSSL ,JACKRU,BlackWhite,Y,F,15,YAROOMBA"
"D         ,Jack,STAFFRDBTX,STAFFR,Brindle   ,Y,M,15,COES CREEK"
"D         ,Chandi,SPANIELTB ,SPANIE,TanBlack  ,Y,F,15,KULUIN"
"D         ,Minila,POMERANIA ,POMERA,Tan       ,Y,F,16,BURNSIDE"
"D         ,Harry,LABRADOR  ,LABRAD,Gold      ,Y,M,15,BUDERIM"
"D         ,Snoutzer,FOXTERRIE ,FOXTER,BlackWhite,Y,F,15,MARCOOLA"
"D         ,Chippy,TERRIERWHX,TERRIE,White     ,Y,F,16,COOLUM BEACH"
"D         ,Barney Rubble,COLLBORDR ,COLLBO,BlackWhite,Y,M,15,PALMWOODS"
"D         ,Lilo,LHASAAPSOX,LHASAA,Tan       ,Y,F,16,MOUNT COOLUM"
"D         ,Kirra,BOXER     ,BOXER ,RedWhite  ,Y,F,17,BUDERIM"
"D         ,Minnie,TERRIERSIX,TERRIE,WhiteGrey ,Y,F,19,MAROOCHYDORE"
"D         ,Shadow,HUSKY     ,HUSKY ,BlackWhite,Y,F,15,BLI BLI"
"D         ,Shiva,CATTLEDOGX,CATTLE,Brown     ,Y,F,15,COOLABINE"
"D         ,Zoe,COLLBORDRX,COLLBO,Red       ,Y,F,16,BELLI PARK"
"D         ,Max,MALTESEX  ,MALTES,Black     ,Y,M,15,MOUNT COOLUM"
"D         ,Mia,KELPIEAUSX,KELPIE,Black     ,Y,F,15,BEERWAH"
"D         ,Razz,JACKRUSSLX,JACKRU,WhiteTan  ,Y,M,15,DIDDILLIBAH"
"D         ,Sam,FOXTERRMN ,FOXTER,BlackWhite,Y,M,15,VERRIERDALE"
"D         ,Betsy,FOXTERRMN ,FOXTER,BlackTan  ,Y,F,15,VERRIERDALE"
"D         ,Bonnie,JACKRUSSL ,JACKRU,CreamTan  ,Y,F,16,ROSEMOUNT"
"D         ,Tara,SPANIELTB ,SPANIE,WhiteTan  ,Y,F,15,MOOLOOLABA"
"D         ,Jedda,JACKRUSSL ,JACKRU,TriColour ,Y,F,17,MAPLETON"
"D         ,Buddy,POODLEMIN ,POODLE,BlackGrey ,Y,M,16,ROSEMOUNT"
"D         ,Oscar,TERRIERSIX,TERRIE,BlackTan  ,Y,M,15,BUDERIM"
"D         ,Maisie,SHIHTZU   ,SHIHTZ,BrownWhite,Y,F,15,BUDERIM"
"D         ,Roxy,STAFFRDBT ,STAFFR,BrownWhite,Y,F,17,MAROOCHYDORE"
"D         ,Gracie,SPANIELCV ,SPANIE,Blenheim  ,Y,F,15,COOLUM BEACH"
"D         ,Diesel,LHASAAPSO ,LHASAA,Silver    ,Y,M,15,BUDERIM"
"D         ,Nikki,FOXTERRMNX,FOXTER,TanWhite  ,Y,F,15,MALENY"
"D         ,Daisy,SCHNAUZER ,SCHNAU,SaltPepper,Y,F,16,COOLUM BEACH"
"D         ,Lola,BULLDOGAUS,BULLDO,FawnWhite ,Y,F,15,WARANA"
"D         ,Lou,TERRIERSIX,TERRIE,Caramel   ,Y,M,15,BUDERIM"
"D         ,Malibu,BICHONFRS ,BICHON,White     ,Y,M,15,COOLUM BEACH"
"D         ,Spot,TERRIERTN ,TERRIE,TriColour ,Y,F,15,MUDJIMBA"
"D         ,Boston,LABRADOODL,LABRAD,Cream     ,Y,M,16,SIPPY DOWNS"
"D         ,Bumba,COLLBORDRX,COLLBO,BlackGrey ,Y,M,15,KULUIN"
"D         ,Ben,SPANIELCV ,SPANIE,BlackWhite,Y,M,15,SIPPY DOWNS"
"D         ,Ally,JACKRUSSLX,JACKRU,WhiteTan  ,Y,F,15,PEREGIAN SPRINGS"
"D         ,Basil,JACKRUSSLX,JACKRU,TanWhite  ,Y,M,15,BURNSIDE"
"D         ,Champagne Charlie,POODLEMIN ,POODLE,Champagne ,Y,M,15,MOOLOOLABA"
"D         ,Ren,FOXTERRMN ,FOXTER,BlackTanWh,Y,M,15,LANDSBOROUGH"
"D         ,Stimpy,FOXTERRMN ,FOXTER,BlackTanWh,Y,M,15,LANDSBOROUGH"
"D         ,Pumba,MALTESE   ,MALTES,White     ,N,M,15,SIPPY DOWNS"
"D         ,Jaz,SHIHTZUX  ,SHIHTZ,BlackWhite,Y,F,15,MAROOCHYDORE"
"D         ,Ming Ling,SHIHTZU   ,SHIHTZ,White     ,Y,F,15,SIPPY DOWNS"
"D         ,Sunny,COLLBORDR ,COLLBO,BlackWhite,Y,M,15,MAROOCHY RIVER"
"D         ,Ruby,SPANIELTB ,SPANIE,WhiteTan  ,Y,F,15,MOUNTAIN CREEK"
"D         ,Sam,BICHONFRSX,BICHON,White     ,Y,M,15,YAROOMBA"
"D         ,Suki,MALTESEX  ,MALTES,Black     ,Y,F,15,MARCOOLA"
"D         ,Bella,MAREMMSHP ,MAREMM,White     ,Y,F,15,BUDERIM"
"D         ,Cindy,MALTESE   ,MALTES,Wheaten   ,Y,F,15,NAMBOUR"
"D         ,Tammy,MALTESEX  ,MALTES,WhiteApric,Y,F,15,MUDJIMBA"
"D         ,Cody,TERRIERTN ,TERRIE,TanWhite  ,Y,M,15,COES CREEK"
"D         ,Brodie,TERRIERWT ,TERRIE,White     ,Y,M,15,BUDERIM"
"D         ,Ember,JACKRUSSLX,JACKRU,BlackTan  ,Y,F,15,WOOMBYE"
"D         ,Maggie,SHIHTZUX  ,SHIHTZ,BlackWhite,Y,F,15,BUDERIM"
"D         ,Oscar,POODLEMINX,POODLE,White     ,Y,M,16,COOLUM BEACH"
"D         ,Sabre,COLLBORDR ,COLLBO,BlackWhite,Y,M,15,BUDERIM"
"D         ,Bella,LABRADOR  ,LABRAD,Gold      ,Y,F,15,PALMWOODS"
"D         ,Minky,SHIHTZU   ,SHIHTZ,Caramel   ,Y,F,15,"
"D         ,Ralph,JACKRUSSL ,JACKRU,TanWhite  ,Y,M,16,CHEVALLUM"
"D         ,Scruff,MIXED     ,MIXED ,Black     ,Y,F,15,ILKLEY"
"D         ,Bella,COLLBORDR ,COLLBO,BlackWhite,Y,F,15,BELLI PARK"
"D         ,Patch,BICHONFRSX,BICHON,White     ,Y,M,15,COES CREEK"
"D         ,Lexi,MASTIFFX  ,MASTIF,Brindle   ,Y,M,15,MAROOCHYDORE"
"D         ,Lump,FOXTERRIE ,FOXTER,WhiteBlack,Y,F,15,MOUNT MELLUM"
"D         ,Sonny,FOXTERRIEX,FOXTER,TanWhite  ,Y,M,15,DIDDILLIBAH"
"D         ,Indi,JACKRUSSL ,JACKRU,TriColour ,Y,F,15,PALMWOODS"
"D         ,Houston,LABRADORX ,LABRAD,Black     ,Y,M,15,MAPLETON"
"D         ,Poppy,MALTESE   ,MALTES,White     ,Y,F,15,BUDERIM"
"D         ,Choccy,STAFFRDBT ,STAFFR,BlackGold ,Y,F,15,MARCOOLA"
"D         ,Bailey,MALTESEX  ,MALTES,WhiteCream,Y,M,15,BLI BLI"
"D         ,Parker,HUSKY     ,HUSKY ,GreyWhite ,Y,F,15,DOONAN"
"D         ,Cassandra,SHIHTZU   ,SHIHTZ,Black     ,Y,F,15,COES CREEK"
"D         ,Cuddles,DACHSHUNDM,DACHSH,Black     ,Y,F,15,BURNSIDE"
"D         ,Mia,DACHSHUNDM,DACHSH,Black     ,Y,F,15,BURNSIDE"
"D         ,Libby,MALTESE   ,MALTES,Wheaten   ,Y,F,15,MARCOOLA"
"D         ,Humphrey,SPANIELTB ,SPANIE,Tan       ,Y,M,15,SIPPY DOWNS"
"D         ,Zena,JACKRUSSLX,JACKRU,BlackBrown,Y,F,15,BUDERIM"
"D         ,Ohi,STAFFRDBT ,STAFFR,Brown     ,Y,M,15,COOLUM BEACH"
"D         ,Lash,LABRADORX ,LABRAD,Black     ,Y,F,15,CURRIMUNDI"
"D         ,Bundy,MAREMMSHP ,MAREMM,Cream     ,Y,M,14,EUDLO"
"D         ,Lulu,SHIHTZU   ,SHIHTZ,GreyBlack ,Y,F,15,BUDERIM"
"D         ,Elmo,SHIHTZU   ,SHIHTZ,GreyBlack ,Y,M,15,BUDERIM"
"D         ,Sooty,MALTESEX  ,MALTES,White     ,Y,M,15,MOUNTAIN CREEK"
"D         ,Ebony,DACHSHLHM ,DACHSH,BlackTan  ,Y,F,15,MALENY"
"D         ,Deisel,TERRIERSI ,TERRIE,SilverBlac,Y,M,15,COOLUM BEACH"
"D         ,Dougal,TERRIERSIX,TERRIE,BlackTan  ,Y,M,15,TWIN WATERS"
"D         ,Nugget,LABRADORX ,LABRAD,Black     ,Y,M,14,DOONAN"
"D         ,Bundy,JACKRUSSL ,JACKRU,WhiteBrown,Y,F,14,MOOLOOLABA"
"D         ,Jock,JACKRUSSLX,JACKRU,WhiteTan  ,Y,M,14,DIDDILLIBAH"
"D         ,Pablo,JACKRUSSLX,JACKRU,TanWhite  ,Y,M,15,DIDDILLIBAH"
"D         ,Bunki,SPOODLE   ,SPOODL,Gold      ,Y,F,14,MOOLOOLABA"
"D         ,Little Bear,SHIHTZUX  ,SHIHTZ,Gold      ,Y,F,17,MOOLOOLABA"
"D         ,Milly,MALTESEX  ,MALTES,White     ,Y,F,14,BUDERIM"
"D         ,Doner,FOXTERRMN ,FOXTER,BlackWhite,Y,F,15,YAROOMBA"
"D         ,Bungy,FOXTERRIEX,FOXTER,TriColour ,Y,M,14,MOUNTAIN CREEK"
"D         ,Mojo,LABRADOR  ,LABRAD,Black     ,Y,F,14,SIPPY DOWNS"
"D         ,Murphy,TERRIERAU ,TERRIE,GreyFawn  ,Y,M,15,SIPPY DOWNS"
"D         ,Benni,STAFFRDBT ,STAFFR,Black     ,Y,F,14,MARCOOLA"
"D         ,Bonney,FOXTERRIEX,FOXTER,White     ,Y,F,15,NAMBOUR"
"D         ,Angus,JACKRUSSL ,JACKRU,TanWhite  ,Y,M,14,BUDERIM"
"D         ,Lucy,CATTLEDOGX,CATTLE,Blue      ,Y,F,14,NAMBOUR"
"D         ,Molly,JACKRUSSLX,JACKRU,TriColour ,Y,F,15,FLAXTON"
"D         ,Rex,CHIHUAHUA ,CHIHUA,BlackWhite,Y,M,14,YANDINA"
"D         ,Biggles,BICHONFRSX,BICHON,BlackWhite,Y,F,15,ALEXANDRA HEADLAND"
"D         ,Charlie,MALTESEX  ,MALTES,White     ,Y,M,15,MOUNTAIN CREEK"
"D         ,Sandy,LABRADOR  ,LABRAD,Sandy     ,Y,M,15,PEREGIAN BEACH"
"D         ,Charlie Brown,LHASAAPSO ,LHASAA,TriColour ,Y,M,14,BUDERIM"
"D         ,Snowie,LHASAAPSO ,LHASAA,TriColour ,Y,M,14,BUDERIM"
"D         ,Tasha,RETRIEVGD ,RETRIE,Gold      ,Y,F,14,MAROOCHYDORE"
"D         ,Rosie,SHIHTZU   ,SHIHTZ,TriColour ,Y,F,14,PEREGIAN SPRINGS"
"D         ,Snapper,KELPIEAUS ,KELPIE,Red       ,Y,M,14,NAMBOUR"
"D         ,Allie,TERRIERAU ,TERRIE,BlackTan  ,Y,F,14,BUDERIM"
"D         ,Lucy,FOXTERRIE ,FOXTER,WhiteBlack,Y,F,15,BUDERIM"
"D         ,Middy,STAFFRDAM ,STAFFR,Black     ,Y,M,14,BUDERIM"
"D         ,Lilly,MALTESEX  ,MALTES,BlackTan  ,Y,F,14,BUDERIM"
"D         ,Chloe,POODLETOY ,POODLE,Black     ,Y,F,14,MAROOCHYDORE"
"D         ,Holly,MALTESEX  ,MALTES,TriColour ,Y,F,14,BUDERIM"
"D         ,Dixie,JACKRUSSL ,JACKRU,TriColour ,Y,F,14,BUDERIM"
"D         ,Dougal,LHASAAPSO ,LHASAA,BrownTan  ,Y,M,14,BUDERIM"
"D         ,Buffy,CHIHUAHUAX,CHIHUA,Sable     ,Y,F,14,PACIFIC PARADISE"
"D         ,ralph,KELPIEAUSX,KELPIE,Red       ,Y,M,15,BUDERIM"
"D         ,Lili,SCHNAUZER ,SCHNAU,Black     ,Y,F,15,EUMUNDI"
"D         ,Chi Chi,CHIHUAHUAX,CHIHUA,TanBrown  ,Y,M,14,NINDERRY"
"D         ,Lucy,MALTESE   ,MALTES,GreyBlack ,Y,F,15,KULUIN"
"D         ,Cleo,COLLBORDR ,COLLBO,BlackWhite,Y,F,14,VALDORA"
"D         ,Kirra,COLLBORDR ,COLLBO,BlackWhite,Y,F,15,BLI BLI"
"D         ,Woody,FOXTERRMN ,FOXTER,WhiteBrown,Y,F,14,MAROOCHYDORE"
"D         ,Jellybean,CHIHUAHUAX,CHIHUA,Tan       ,Y,F,14,PACIFIC PARADISE"
"D         ,Stevie,COLLBORDR ,COLLBO,Black     ,Y,F,15,YANDINA CREEK"
"D         ,Monty,JACKRUSSL ,JACKRU,TanWhite  ,Y,F,14,MAROOCHYDORE"
"D         ,Snoopy,DACHSHUNDX,DACHSH,TanWhite  ,Y,M,14,BUDERIM"
"D         ,Monty 2,TERRIERSI ,TERRIE,BlackBrown,Y,M,14,MAROOCHYDORE"
"D         ,Zendari,STAFFRDBTX,STAFFR,BlackBrind,Y,M,15,BLI BLI"
"D         ,Toby,POODLESTDX,POODLE,GreyWhite ,Y,M,15,BUDERIM"
"D         ,Jed,CHIHUAHUAX,CHIHUA,BlackTan  ,Y,M,14,DIDDILLIBAH"
"D         ,Pip,CATTLEDOG ,CATTLE,Blue      ,Y,F,14,BLI BLI"
"D         ,Misty,MALTESE   ,MALTES,White     ,Y,F,14,DULONG"
"D         ,Casper,MALTESE   ,MALTES,White     ,Y,M,17,BUDERIM"
"D         ,Choc,FOXTERRMN ,FOXTER,WhiteBrown,Y,M,14,BURNSIDE"
"D         ,Jaffa,SHIHTZUX  ,SHIHTZ,TriColour ,Y,F,14,MOOLOOLABA"
"D         ,Eddie,JACKRUSSL ,JACKRU,BlackTanWh,Y,M,15,BLI BLI"
"D         ,Bundy,SHIHTZU   ,SHIHTZ,TriColour ,Y,M,16,MAROOCHYDORE"
"D         ,Ambour,POODLESTDX,POODLE,Black     ,Y,F,15,BUDERIM"
"D         ,Ned,KELPIEAUSX,KELPIE,BlackTan  ,Y,M,14,TWIN WATERS"
"D         ,Bunny,WHIPPETX  ,WHIPPE,Brindle   ,Y,F,14,MARCOOLA"
"D         ,Angel,LHASAAPSOX,LHASAA,Apricot   ,Y,F,14,BLI BLI"
"D         ,Kirra,JACKRUSSL ,JACKRU,WhiteTan  ,Y,F,15,YANDINA"
"D         ,Pierre,POODLETOY ,POODLE,Apricot   ,Y,M,14,PALMWOODS"
"D         ,Dusty,CHIHUAHUA ,CHIHUA,Blue      ,Y,M,14,MINYAMA"
"D         ,Caleb,POODLEMIN ,POODLE,Black     ,Y,M,14,FOREST GLEN"
"D         ,Hunter,DACHSHDLH ,DACHSH,Red       ,Y,M,15,DOONAN"
"D         ,Coda,STAFFRDBT ,STAFFR,TanWhite  ,Y,F,14,EUDLO"
"D         ,Tiki,CATTLEDOG ,CATTLE,Red       ,Y,M,14,BUDERIM"
"D         ,Caesar,LABRADOR  ,LABRAD,Yellow    ,Y,M,15,MONS"
"D         ,Hamish,SCHNAUZMN ,SCHNAU,SaltPepper,Y,M,14,PACIFIC PARADISE"
"D         ,Sharma,SHIHTZUX  ,SHIHTZ,White     ,Y,F,15,NAMBOUR"
"D         ,Charli,BEAGLE    ,BEAGLE,TriColour ,Y,F,14,MOOLOOLABA"
"D         ,Bobby,POODLETOY ,POODLE,Black     ,Y,M,14,MOUNTAIN CREEK"
"D         ,Beau,POODLETOY ,POODLE,Chocolate ,Y,M,14,MAROOCHYDORE"
"D         ,Elmo,MALTESEX  ,MALTES,SilverGrey,Y,M,16,NAMBOUR"
"D         ,Bella,COLLBORDR ,COLLBO,White     ,Y,F,14,PALMWOODS"
"D         ,Robbie,CATTLEDOG ,CATTLE,Red       ,Y,F,16,FLAXTON"
"D         ,Mojo,LHASAAPSO ,LHASAA,WhiteTan  ,Y,M,14,BUDERIM"
"D         ,Nemo,BEAGLE    ,BEAGLE,TriColour ,Y,M,15,BUDERIM"
"D         ,Winston,LHASAAPSO ,LHASAA,Beige     ,Y,M,15,SIPPY DOWNS"
"D         ,Jack,MIXED     ,MIXED ,BlackWhite,Y,M,15,WOOMBYE"
"D         ,Sam,MALTESEX  ,MALTES,White     ,Y,M,15,WOOMBYE"
"D         ,Ezekiel,JACKRUSSLX,JACKRU,BlackWhite,Y,M,14,BUDERIM"
"D         ,Chloe,FOXTERRMN ,FOXTER,TriColour ,Y,F,14,MOUNTAIN CREEK"
"D         ,Bella,SHIHTZU   ,SHIHTZ,TriColour ,Y,F,14,KULUIN"
"D         ,Esky,COLLBORDR ,COLLBO,BlackWhite,Y,M,14,TOWEN MOUNTAIN"
"D         ,Zali,CATTLEDOG ,CATTLE,Tan       ,Y,F,14,PALMWOODS"
"D         ,Dzel,JACKRUSSL ,JACKRU,WhiteBrown,Y,M,15,EERWAH VALE"
"D         ,Nessie,JACKRUSSLX,JACKRU,BrownWhite,Y,F,14,MOOLOOLAH VALLEY"
"D         ,Digger,KELPIEAUS ,KELPIE,TriColour ,Y,M,14,MAROOCHYDORE"
"D         ,Stella,STAFFRDBT ,STAFFR,BlackTan  ,Y,F,14,MOOLOOLABA"
"D         ,Tobi,LABRADORX ,LABRAD,Black     ,Y,M,14,PALMWOODS"
"D         ,Mojo,JACKRUSSL ,JACKRU,BrownWhite,Y,M,14,BUDERIM"
"D         ,Budy,LABRADOR  ,LABRAD,Chocolate ,Y,M,15,MAROOCHYDORE"
"D         ,Ruby,LABRADOR  ,LABRAD,Black     ,Y,F,14,MAROOCHYDORE"
"D         ,Bonnie,COLLBORDR ,COLLBO,BlackWhite,Y,F,14,DIDDILLIBAH"
"D         ,Banjo,SHIHTZU   ,SHIHTZ,TriColour ,Y,M,14,MAROOCHYDORE"
"D         ,Trish,JACKRUSSLX,JACKRU,TriColour ,Y,F,15,PALMWOODS"
"D         ,Jessie,FOXTERRIEX,FOXTER,BlackWhite,Y,F,14,YANDINA"
"D         ,Cep,CATTLEDOGX,CATTLE,WhiteGrey ,Y,M,14,COOLUM BEACH"
"D         ,Indy,DALMATIAN ,DALMAT,WhiteBlack,Y,F,14,YAROOMBA"
"D         ,Mitzi,SHIHTZU   ,SHIHTZ,TriColour ,Y,F,14,PALMWOODS"
"D         ,Molly,MALTESEX  ,MALTES,White     ,Y,F,14,LITTLE MOUNTAIN"
"D         ,Phantom,STAFFRDAM ,STAFFR,Chocolate ,Y,M,14,MAROOCHYDORE"
"D         ,Delphi,STAFFRDBT ,STAFFR,Tan       ,Y,F,15,PALMWOODS"
"D         ,Mindi,LHASAAPSOX,LHASAA,White     ,Y,F,14,BUDERIM"
"D         ,Clifford,COLLBORDR ,COLLBO,BlackWhite,Y,M,14,MOUNT COOLUM"
"D         ,George,SPITZGERMN,SPITZG,WhiteGrey ,Y,M,19,SIPPY DOWNS"
"D         ,Roxy,DOBERMANX ,DOBERM,BlackTan  ,Y,F,14,YAROOMBA"
"D         ,Pixie,TERRIERX  ,TERRIE,Tan       ,Y,F,14,MARCOOLA"
"D         ,Angel,TERRIERTN ,TERRIE,BlackWhite,Y,F,14,KULUIN"
"D         ,Astro,MALTESEX  ,MALTES,Cream     ,Y,M,14,MUDJIMBA"
"D         ,Simba,MALTESEX  ,MALTES,BeigeWhite,Y,M,14,MUDJIMBA"
"D         ,Boof,TERRIERSI ,TERRIE,GreyTan   ,Y,M,14,GLASS HOUSE MOUNTAINS"
"D         ,Molly,HEELER    ,HEELER,Blue      ,Y,F,14,NINDERRY"
"D         ,Sandy,SPOODLE   ,SPOODL,Gold      ,Y,F,14,EUMUNDI"
"D         ,Nellie,LABRADOR  ,LABRAD,Gold      ,Y,F,14,BUDERIM"
"D         ,Maxi,COLLBORDRX,COLLBO,BlackWhite,Y,F,14,MOUNTAIN CREEK"
"D         ,Sassie,MALTESEX  ,MALTES,BlackWhite,Y,F,15,BUDERIM"
"D         ,Charlie,COLLBORDR ,COLLBO,RedWhite  ,Y,M,14,MOOLOOLABA"
"D         ,Woody,LABRADORX ,LABRAD,Black     ,Y,F,14,MARCOOLA"
"D         ,Jessie,SPOODLE   ,SPOODL,Cream     ,Y,F,14,YAROOMBA"
"D         ,Millie,TERRIERSI ,TERRIE,BlackGold ,Y,F,14,SIPPY DOWNS"
"D         ,Harry Potter,POODLETOY ,POODLE,Apricot   ,Y,M,15,ROSEMOUNT"
"D         ,Emma,CORGI     ,CORGI ,Fawn      ,Y,F,14,MOOLOOLABA"
"D         ,Aspen,HUSKYX    ,HUSKY,White     ,Y,F,14,BUDERIM"
"D         ,Charlie,STAFFRDBT ,STAFFR,Brown     ,Y,M,14,KIELS MOUNTAIN"
"D         ,Monty,BICHONFRS ,BICHON,White     ,Y,M,16,MAROOCHYDORE"
"D         ,Bucko,STAFFRDBT ,STAFFR,WhiteBrind,Y,M,14,BUDERIM"
"D         ,Elvis,CATTLEDOGX,CATTLE,BlackWhite,Y,M,15,WEST WOOMBYE"
"D         ,Mischa,MALTESE   ,MALTES,White     ,Y,F,14,BUDERIM"
"D         ,Hollie,COLLBORDR ,COLLBO,BlackWhite,Y,F,14,BUDERIM"
"D         ,Sasha,LABRADORX ,LABRAD,FawnWhite ,Y,F,14,MAROOCHY RIVER"
"D         ,Sasha,COLLBORDRX,COLLBO,BlackTanWh,Y,F,16,PEREGIAN SPRINGS"
"D         ,Sam,COLLBORDR ,COLLBO,BlackWhite,Y,M,14,DOONAN"
"D         ,Peppa,MALTESEX  ,MALTES,BlackTan  ,Y,F,14,BUDERIM"
"D         ,Dexter,BULLMASTFX,BULLMA,BlackTan  ,Y,M,14,WEYBA DOWNS"
"D         ,Barney,SHIHTZUX  ,SHIHTZ,WhiteTan  ,Y,M,14,BUDERIM"
"D         ,Alice,TERRIERSIX,TERRIE,Beige     ,Y,F,14,VALDORA"
"D         ,George,FOXTERRIEX,FOXTER,BlackTanWh,Y,M,14,BLI BLI"
"D         ,Sassi,CATTLEDOG ,CATTLE,Red       ,Y,F,14,MAROOCHY RIVER"
"D         ,Daisy,MALTESEX  ,MALTES,Sable     ,Y,F,14,ALEXANDRA HEADLAND"
"D         ,Heidi,MALTESEX  ,MALTES,BlackTan  ,Y,F,14,BUDERIM"
"D         ,Beau,LABRADOR  ,LABRAD,Gold      ,Y,M,14,NAMBOUR"
"D         ,Bonnie,COLLBORDR ,COLLBO,BlackWhite,Y,F,14,MAROOCHYDORE"
"D         ,Kaz,STAFFRDBT ,STAFFR,Brindle   ,Y,F,14,MONTVILLE"
"D         ,Misty,TERRIERAU ,TERRIE,BlueTan   ,Y,F,14,BUDERIM"
"D         ,Millie,FOXTERRIEX,FOXTER,White     ,Y,F,14,BUDERIM"
"D         ,Roxy,TERRIERTN ,TERRIE,BlackTanWh,Y,F,14,COOLUM BEACH"
"D         ,Tiggy,STAFFRDAMX,STAFFR,BlackWhite,Y,F,15,DIDDILLIBAH"
"D         ,Bear,SHIHTZUX  ,SHIHTZ,BlackWhite,Y,M,14,PALMWOODS"
"D         ,Piper,MALTESEX  ,MALTES,Cream     ,Y,F,14,MAROOCHYDORE"
"D         ,Paris,RETRIEVCCX,RETRIE,Chocolate ,Y,F,14,BUDERIM"
"D         ,Taj,MALTESE   ,MALTES,White     ,Y,M,14,BUDERIM"
"D         ,Cookie,LABRADOR  ,LABRAD,Chocolate ,Y,M,14,MOOLOOLABA"
"D         ,Stevie,STAFFRDBTX,STAFFR,Brindle   ,Y,F,14,MUDJIMBA"
"D         ,Jessie,POODLETOYX,POODLE,BrownBlack,Y,F,15,MOUNTAIN CREEK"
"D         ,Sascha,TERRIERX  ,TERRIE,Tan       ,Y,F,14,PALMWOODS"
"D         ,Emily,COLLBORDRX,COLLBO,BlackWhite,Y,F,14,BLI BLI"
"D         ,Nelly,TERRIERSI ,TERRIE,Black     ,Y,F,13,NAMBOUR"
"D         ,Cassie,SHIHTZU   ,SHIHTZ,WhiteFawn ,Y,F,14,COOLUM BEACH"
"D         ,Barney,RETRIEVGD ,RETRIE,Brindle   ,Y,M,14,BUDERIM"
"D         ,Daisy,BEAGLE    ,BEAGLE,BlackBroWh,Y,F,14,MINYAMA"
"D         ,Smudge,MALTESEX  ,MALTES,White     ,Y,M,14,WARANA"
"D         ,Tesa,SHIHTZUX  ,SHIHTZ,BrownWhite,Y,F,13,MOUNTAIN CREEK"
"D         ,Bruisa,STAFFRDBT ,STAFFR,WhiteTan  ,Y,M,14,MOUNT COOLUM"
"D         ,Leon,POODLETOY ,POODLE,Champagne ,Y,M,14,MAROOCHYDORE"
"D         ,Arabella,POODLEMINX,POODLE,BlackGrey ,Y,F,14,MOUNT COOLUM"
"D         ,Simone,MALTESE   ,MALTES,White     ,Y,F,17,PALMWOODS"
"D         ,Beau,ROTTWEILR ,ROTTWE,BlackTan  ,Y,M,14,MOUNTAIN CREEK"
"D         ,Sally,LABRADOODL,LABRAD,Honey     ,Y,F,14,MOUNTAIN CREEK"
"D         ,Megz,TERRIERTN ,TERRIE,TanWhite  ,Y,F,14,DIDDILLIBAH"
"D         ,T.J.,MALTESE   ,MALTES,White     ,Y,M,14,MAROOCHYDORE"
"D         ,Jess,CATTLEDOG ,CATTLE,Blue      ,Y,F,14,MARCOOLA"
"D         ,Bud,POODLETOY ,POODLE,Black     ,N,M,15,BUDERIM"
"D         ,Chelsea,LABRADOODL,LABRAD,Black     ,Y,F,14,BLI BLI"
"D         ,Bob,FOXTERRIEX,FOXTER,BrownWhite,Y,M,14,VALDORA"
"D         ,Bella,KELPIEAUS ,KELPIE,Red       ,Y,F,14,BUDERIM"
"D         ,Tommy,LABRADOR  ,LABRAD,Gold      ,Y,M,14,BUDERIM"
"D         ,Rosie,MALTESEX  ,MALTES,White     ,Y,F,15,COOLUM BEACH"
"D         ,Princess,MALTESE   ,MALTES,White     ,Y,F,14,MOOLOOLABA"
"D         ,Jazz,CHIHUAHMNX,CHIHUA,BrownWhite,Y,F,13,NAMBOUR"
"D         ,Tansy,LHASAAPSOX,LHASAA,BlackWhite,Y,F,14,BUDERIM"
"D         ,Harry,SPANIELCV ,SPANIE,BrownWhite,Y,M,14,MARCOOLA"
"D         ,Jed,CATDGSMTH ,CATDGS,Red       ,Y,M,14,MOOLOOLABA"
"D         ,Rocky,TERRIERSI ,TERRIE,BlackBrown,Y,M,14,MOUNTAIN CREEK"
"D         ,Jed,COLLBORDRX,COLLBO,BlackWhite,Y,M,14,BLI BLI"
"D         ,Noodles,FOXTERRIEX,FOXTER,BlackWhite,Y,M,14,COOLUM BEACH"
"D         ,Tess,POMERANIAX,POMERA,BlackWhite,Y,F,14,PARREARRA"
"D         ,Mack,SHIHTZUX  ,SHIHTZ,TanWhite  ,Y,M,14,PALMWOODS"
"D         ,Harry,MALTESEX  ,MALTES,WhiteBrown,Y,M,14,BATTERY HILL"
"D         ,Lucy,LHASAAPSO ,LHASAA,CaramelWht,Y,F,13,PEREGIAN SPRINGS"
"D         ,Joey,COLLBORDRX,COLLBO,BlackWhite,Y,M,14,NINDERRY"
"D         ,Mia,CATTLEDOGX,CATTLE,BlackWhite,Y,F,14,NINDERRY"
"D         ,Ghandi,HEELER    ,HEELER,Red       ,Y,M,14,NAMBOUR"
"D         ,Maizie,PAPPILLONX,PAPPIL,BlackWhite,Y,F,14,BUDERIM"
"D         ,Heidi,DACHSHUND ,DACHSH,Red       ,Y,F,14,BUDERIM"
"D         ,Bella,SHIHTZUX  ,SHIHTZ,BlackWhite,Y,F,15,SIPPY DOWNS"
"D         ,Lucky,KELPIEAUSX,KELPIE,BlackWhite,Y,F,15,BUDERIM"
"D         ,Samba,RETRIEVER ,RETRIE,Gold      ,Y,F,15,BUDERIM"
"D         ,Ralph,TERRIERX  ,TERRIE,White     ,Y,M,14,NAMBOUR"
"D         ,Rolley,SHARPEIX  ,SHARPE,Tan       ,Y,F,14,BLI BLI"
"D         ,Holly,SPANIELCK ,SPANIE,Black     ,Y,F,16,KULUIN"
"D         ,Sunny,CATTLEDOGX,CATTLE,BlueGrey  ,Y,M,14,CALOUNDRA WEST"
"D         ,Paris,POODLETOY ,POODLE,Red       ,Y,F,14,MAROOCHYDORE"
"D         ,Sid,MALTESEX  ,MALTES,White     ,Y,M,13,MAROOCHYDORE"
"D         ,Buster,TERRIERSIX,TERRIE,BlackBroWh,Y,M,15,PALMWOODS"
"D         ,Oscar,TERRIERSIX,TERRIE,BlackBroWh,Y,M,15,PALMWOODS"
"D         ,Millie,MALTESEX  ,MALTES,BlackTan  ,Y,F,14,MINYAMA"
"D         ,Jonty,KELPIEAUSX,KELPIE,Brown     ,Y,M,14,BUDERIM"
"D         ,Ralf,JACKRUSSL ,JACKRU,TanWhite  ,Y,M,14,EUMUNDI"
"D         ,Vinnie,POODLETOY ,POODLE,Black     ,Y,M,14,NAMBOUR"
"D         ,Wilba,JACKRUSSLX,JACKRU,WhiteBlack,Y,M,13,PEREGIAN SPRINGS"
"D         ,Winstone,BEAGLE    ,BEAGLE,TriColour ,Y,M,13,SIPPY DOWNS"
"D         ,Rex,RIDGEBACKX,RIDGEB,BlackTan  ,Y,M,13,TANAWHA"
"D         ,Daisy,SHIHTZUX  ,SHIHTZ,WhiteTan  ,Y,F,13,BUDERIM"
"D         ,Angus,COLLBORDR ,COLLBO,BlackWhite,Y,M,14,HUNCHY"
"D         ,Shep,COLLBORDR ,COLLBO,BlackWhite,Y,F,13,COES CREEK"
"D         ,Duchess,CATDGSMTHX,CATDGS,White     ,Y,F,14,COOLUM BEACH"
"D         ,Koda,SHIHTZU   ,SHIHTZ,WhiteBrown,Y,M,13,MINYAMA"
"D         ,Sophie,LABRADOR  ,LABRAD,Black     ,Y,F,13,KIELS MOUNTAIN"
"D         ,Oscar,PUG       ,PUG   ,Fawn      ,Y,M,13,BURNSIDE"
"D         ,Molly,JACKRUSSL ,JACKRU,WhiteBrown,Y,F,13,BUDERIM"
"D         ,Penny,FOXTERRMN ,FOXTER,TriColour ,Y,F,14,MAPLETON"
"D         ,Sergio Rossi,TERRIERSI ,TERRIE,BlackTan  ,Y,M,13,MERIDAN PLAINS"
"D         ,Lucy Lu,LHASAAPSO ,LHASAA,BlackWhite,Y,F,14,MAROOCHYDORE"
"D         ,Shilah,GERMNSHEPX,GERMNS,Black     ,Y,F,14,PEREGIAN BEACH"
"D         ,Rosie,KELPIEAUSX,KELPIE,Chocolate ,Y,F,13,SIPPY DOWNS"
"D         ,Bowie,STAFFRDBT ,STAFFR,Brindle   ,Y,F,13,PARREARRA"
"D         ,Zorro,COLLBORDRX,COLLBO,BlackWhite,Y,M,13,KULUIN"
"D         ,Lucy,GERMNSHEP ,GERMNS,BlackTan  ,Y,F,15,YANDINA"
"D         ,Bear,GERMNSHEP ,GERMNS,BlackTan  ,Y,M,14,YANDINA"
"D         ,Roxy,JACKRUSSL ,JACKRU,WhiteTan  ,Y,F,14,PEREGIAN BEACH"
"D         ,Pepe,POMERANIAX,POMERA,Black     ,Y,M,14,NINDERRY"
"D         ,Jack,KELPIEAUSX,KELPIE,White     ,Y,M,16,KULUIN"
"D         ,Lizzie,BEAGLE    ,BEAGLE,TriColour ,Y,F,13,PALMVIEW"
"D         ,Tucker,TERRIERTNX,TERRIE,WhiteGrey ,Y,M,13,BUDERIM"
"D         ,Minnow,JACKRUSSLX,JACKRU,TanWhite  ,Y,M,14,TOWEN MOUNTAIN"
"D         ,Bridie,TERRIERSI ,TERRIE,SilverBlac,Y,F,13,PACIFIC PARADISE"
"D         ,Ripper,TERRIERTN ,TERRIE,TriColour ,Y,M,18,WEST WOOMBYE"
"D         ,Milo,LHASAAPSO ,LHASAA,TriColour ,Y,M,13,MOUNTAIN CREEK"
"D         ,Missy,STAFFRDBT ,STAFFR,Black     ,Y,F,13,COOLUM BEACH"
"D         ,Kasper,MALTESE   ,MALTES,BlackWhite,Y,M,13,BUDERIM"
"D         ,Leroy,CATTLEDOGX,CATTLE,BlackTan  ,Y,M,13,MARCOOLA"
"D         ,Lilly,BICHONFRSX,BICHON,Black     ,Y,F,13,BUDERIM"
"D         ,Pitou,TERRIERSI ,TERRIE,BlackTan  ,Y,M,13,BUDERIM"
"D         ,Kirra,CATTLEDOGX,CATTLE,TanBlack  ,Y,F,14,KULUIN"
"D         ,Rat,FOXTERRIE ,FOXTER,BlackWhite,N,M,14,ALEXANDRA HEADLAND"
"D         ,Amber,LABRADOR  ,LABRAD,Black     ,Y,F,13,BUDERIM"
"D         ,Holly,MALTESE   ,MALTES,White     ,Y,F,13,FOREST GLEN"
"D         ,Tully,TERRIERX  ,TERRIE,BlackWhite,Y,M,13,PALMWOODS"
"D         ,Spottles,FOXTERRIE ,FOXTER,BrownWhite,Y,F,13,MAROOCHY RIVER"
"D         ,Widgee,GERMNSHEPX,GERMNS,Black     ,Y,F,13,NAMBOUR"
"D         ,Patch,SHIHTZUX  ,SHIHTZ,TriColour ,Y,M,13,MOUNTAIN CREEK"
"D         ,Zeus,SHIHTZUX  ,SHIHTZ,TriColour ,Y,M,13,SIPPY DOWNS"
"D         ,Miss Muffett,DACHSHUNDM,DACHSH,BlackTan  ,Y,F,13,MAROOCHYDORE"
"D         ,Honey,SPANIELCK ,SPANIE,Caramel   ,Y,F,13,BUDERIM"
"D         ,Jasper,TERRIERSI ,TERRIE,BlackTan  ,Y,M,14,MAPLETON"
"D         ,Amber,MALTESEX  ,MALTES,Champagne ,Y,F,13,MAPLETON"
"D         ,Layla,SPANIELCVX,SPANIE,TanWhite  ,Y,F,13,ALEXANDRA HEADLAND"
"D         ,Yetta,TERRIERTN ,TERRIE,BlackWhite,Y,F,13,MAPLETON"
"D         ,Flora,RETRIEVGDX,RETRIE,Cream     ,Y,F,14,PEREGIAN SPRINGS"
"D         ,Juliette,MALTESE   ,MALTES,White     ,Y,F,14,MAROOCHYDORE"
"D         ,Elliot,MALTESEX  ,MALTES,BlackWhite,Y,M,13,MOOLOOLABA"
"D         ,Bosco,TERRIERBR ,TERRIE,SaltPepper,Y,M,13,BLI BLI"
"D         ,Sheena,MALTESEX  ,MALTES,White     ,Y,F,13,NAMBOUR"
"D         ,Lochie,MALTESEX  ,MALTES,WhiteBlack,Y,M,14,MOOLOOLABA"
"D         ,Zoey,SPANIELCK ,SPANIE,BlueRoan  ,Y,F,13,BUDERIM"
"D         ,April,TERRIERSIX,TERRIE,BlackTan  ,Y,F,17,PEREGIAN SPRINGS"
"D         ,Moet Jay,POODLEMIN ,POODLE,Champagne ,Y,M,14,CURRIMUNDI"
"D         ,Dzaya,SPANIELTBX,SPANIE,Fawn      ,Y,F,14,YAROOMBA"
"D         ,Molly,POODLESTDX,POODLE,Black     ,Y,F,13,COOLUM BEACH"
"D         ,Chloe,PAPPILLONX,PAPPIL,WhiteBlack,Y,F,16,SIPPY DOWNS"
"D         ,Dog,JACKRUSSLX,JACKRU,BlackWhite,Y,F,13,PACIFIC PARADISE"
"D         ,Anak,POODLEMIN ,POODLE,Black     ,Y,M,13,BUDERIM"
"D         ,Bata,POODLEMIN ,POODLE,Black     ,Y,M,13,BUDERIM"
"D         ,Roxy,RETRIEVGD ,RETRIE,Gold      ,Y,F,13,BUDERIM"
"D         ,Aussie,LABRADOR  ,LABRAD,Cream     ,Y,M,13,BUDERIM"
"D         ,Rusty Bill,MALTESEX  ,MALTES,Black     ,Y,M,14,MOOLOOLABA"
"D         ,Hunter,LABRADORX ,LABRAD,Tan       ,Y,M,14,BUDERIM"
"D         ,Furbie,POODLETOY ,POODLE,Apricot   ,Y,M,13,NORTH ARM"
"D         ,Simba,SHIHTZUX  ,SHIHTZ,BlackGrey ,Y,M,13,SIPPY DOWNS"
"D         ,Bowser,LABRADORX ,LABRAD,Black     ,Y,M,13,BUDERIM"
"D         ,Simba,POODLESTD ,POODLE,Black     ,Y,M,13,BUDERIM"
"D         ,Mitsy,SCHNAUZER ,SCHNAU,Black     ,Y,F,14,MONTVILLE"
"D         ,Diesel,COLLBORDR ,COLLBO,BlackWhite,Y,M,13,PEREGIAN BEACH"
"D         ,Bella,SPANIELCK ,SPANIE,Gold      ,Y,F,17,DOONAN"
"D         ,Max,LABRADORX ,LABRAD,Black     ,Y,M,13,BUDERIM"
"D         ,Buttons,TERRIERAU ,TERRIE,GreyFawn  ,Y,M,14,NAMBOUR"
"D         ,Jesse,SPANIELCVX,SPANIE,TanWhite  ,Y,M,13,BUDERIM"
"D         ,Max Roman,LABRADOR  ,LABRAD,Black     ,Y,M,13,BUDERIM"
"D         ,Teddy,SPANIELCVX,SPANIE,Gold      ,Y,M,13,TWIN WATERS"
"D         ,Lucy,TERRIERTNX,TERRIE,TriColour ,Y,F,14,BUDERIM"
"D         ,Roxy,CATTLEDOGX,CATTLE,BlackTan  ,Y,F,13,MOUNTAIN CREEK"
"D         ,Little Boogie,COLLBORDRX,COLLBO,BlackWhite,N,M,14,BUDERIM"
"D         ,Teddy,TERRIERSI ,TERRIE,BlackTan  ,Y,M,14,NAMBOUR"
"D         ,Mia,LHASAAPSO ,LHASAA,TriColour ,Y,F,14,EUMUNDI"
"D         ,Khaiser,BICHONFRS ,BICHON,White     ,Y,M,13,BLI BLI"
"D         ,Simmo,POODLEMINX,POODLE,Tan       ,Y,M,13,KULUIN"
"D         ,Lily,TERRIERSI ,TERRIE,Silver    ,Y,F,14,BUDERIM"
"D         ,Penny,STAFFRDBT ,STAFFR,Brindle   ,Y,F,14,TANAWHA"
"D         ,Sandy,MALTESEX  ,MALTES,White     ,Y,F,13,PEREGIAN SPRINGS"
"D         ,Jack Simpson,LHASAAPSOX,LHASAA,BlackWhite,Y,M,14,DULONG"
"D         ,Bobby,LHASAAPSOX,LHASAA,BlackWhite,Y,M,14,MONS"
"D         ,Bear,COLLBORDR ,COLLBO,BlackWhite,Y,M,13,NINDERRY"
"D         ,Rags,TERRIERAU ,TERRIE,Red       ,Y,M,14,PALMWOODS"
"D         ,Bonnie,COLLBORDRX,COLLBO,Black     ,Y,F,13,KENILWORTH"
"D         ,Mitzi,MALTESEX  ,MALTES,CreamBlack,Y,F,14,EUMUNDI"
"D         ,Basil,BEAGLEX   ,BEAGLE,BlackWhite,Y,M,14,BATTERY HILL"
"D         ,Jimmy,CATTLEDOGX,CATTLE,TriColour ,Y,M,13,KENILWORTH"
"D         ,Sasha,LHASAAPSO ,LHASAA,FawnBlack ,Y,F,13,BUDERIM"
"D         ,Scruffy,SHIHTZU   ,SHIHTZ,BlackWhite,Y,M,13,YANDINA"
"D         ,Jack,SAINTBERN ,SAINTB,Orange    ,N,M,15,CHEVALLUM"
"D         ,Mercedes,SAINTBERN ,SAINTB,Orange    ,N,F,14,CHEVALLUM"
"D         ,Prue,SAINTBERN ,SAINTB,Orange    ,N,F,14,CHEVALLUM"
"D         ,Charm,SAINTBERN ,SAINTB,Orange    ,N,F,16,CHEVALLUM"
"D         ,Claudia,SAINTBERN ,SAINTB,Orange    ,N,F,13,CHEVALLUM"
"D         ,Banjo,MALTESE   ,MALTES,WhiteCream,Y,M,13,COOLUM BEACH"
"D         ,Colgate,CATTLEDOGX,CATTLE,BlueBlack ,Y,M,13,KIELS MOUNTAIN"
"D         ,Sallie,MALTESEX  ,MALTES,Grey      ,Y,F,13,BUDERIM"
"D         ,Chloe,SPOODLE   ,SPOODL,Gold      ,Y,F,13,BUDERIM"
"D         ,Spot,FOXTERRMN ,FOXTER,WhiteTan  ,Y,F,15,LANDSBOROUGH"
"D         ,Toby,MALTESEX  ,MALTES,Beige     ,N,M,14,MAROOCHYDORE"
"D         ,Bundy,PEKINGESEX,PEKING,Tan       ,Y,F,14,COOLUM BEACH"
"D         ,Dooley,GERMNSHEPX,GERMNS,Black     ,Y,M,14,MAROOCHYDORE"
"D         ,Billy,JACKRUSSL ,JACKRU,WhiteTan  ,Y,M,13,SIPPY DOWNS"
"D         ,Scottie,TERRIERWT ,TERRIE,White     ,Y,M,16,BUDERIM"
"D         ,Holly,COLLBORDR ,COLLBO,BlackWhite,Y,F,13,NAMBOUR"
"D         ,Ralph,MALTESEX  ,MALTES,WhiteGrey ,Y,M,15,BUDERIM"
"D         ,Taz,STAFFRDBT ,STAFFR,Tan       ,Y,M,13,DULONG"
"D         ,Rex,SHIHTZUX  ,SHIHTZ,White     ,Y,M,14,BUDERIM"
"D         ,Bowie,COLLBORDR ,COLLBO,BlackWhite,Y,F,13,DIDDILLIBAH"
"D         ,Sara Lea,JACKRUSSL ,JACKRU,TanWhite  ,Y,F,16,MAROOCHYDORE"
"D         ,Harry,MALTESE   ,MALTES,White     ,Y,M,14,PALMVIEW"
"D         ,Bundy,LABRADORX ,LABRAD,BlackWhite,Y,M,13,BUDERIM"
"D         ,Bali,STAFFRDBTX,STAFFR,Brindle   ,Y,F,13,FOREST GLEN"
"D         ,Henri,PAPPILLON ,PAPPIL,BlackWhite,Y,M,14,COOLUM BEACH"
"D         ,Digger,JACKRUSSL ,JACKRU,BlackWhite,Y,M,13,ROSEMOUNT"
"D         ,Kai,LABRADOR  ,LABRAD,Yellow    ,Y,M,15,MOUNTAIN CREEK"
"D         ,Bella,MALTESEX  ,MALTES,Black     ,Y,F,14,WURTULLA"
"D         ,Shae,KELPIEAUSX,KELPIE,Tan       ,Y,F,14,BUDERIM"
"D         ,Bobby,MALTESEX  ,MALTES,TanWhite  ,Y,M,14,BLI BLI"
"D         ,Bing,STAFFRDBTX,STAFFR,Brindle   ,Y,M,13,ILKLEY"
"D         ,Bella,BICHONFRS ,BICHON,White     ,Y,F,14,WEST WOOMBYE"
"D         ,Cooper,KELPIEAUS ,KELPIE,Brown     ,Y,M,15,PALMVIEW"
"D         ,Morpheus,BICHONFRSX,BICHON,Cream     ,Y,M,13,TWIN WATERS"
"D         ,Angus,MALTESEX  ,MALTES,BlackTan  ,Y,M,13,BUDERIM"
"D         ,Jazzie,SHIHTZU   ,SHIHTZ,Cream     ,Y,F,13,BUDERIM"
"D         ,Angel,MALTESTOYX,MALTES,Cream     ,Y,F,13,MAROOCHYDORE"
"D         ,Slim,TERRIERTMX,TERRIE,TriColour ,Y,M,13,MOUNT COOLUM"
"D         ,Eevee,STAFFRDBT ,STAFFR,Brown     ,Y,F,13,BUDERIM"
"D         ,Amber,RETRIEVGD ,RETRIE,Gold      ,Y,F,13,EUMUNDI"
"D         ,Bounty,LABRADOODL,LABRAD,Brown     ,Y,F,13,BUDERIM"
"D         ,Toby,PAPPILLONX,PAPPIL,Gold      ,Y,M,13,NAMBOUR"
"D         ,Bailey,RETRIEVGD ,RETRIE,White     ,Y,M,20,PEREGIAN SPRINGS"
"D         ,Zara,FOXTERRMN ,FOXTER,BlackTanWh,Y,F,13,BUDERIM"
"D         ,Abby,SHARPEIX  ,SHARPE,Gold      ,Y,F,14,EUDLO"
"D         ,Bunji,LHASAAPSO ,LHASAA,Sable     ,Y,M,13,EUMUNDI"
"D         ,Coco,CHINESECRE,CHINES,Chocolate ,Y,F,14,WOOMBYE"
"D         ,Tammy,GERMNSHEP ,GERMNS,BlackGold ,Y,F,13,YAROOMBA"
"D         ,Kandyce,TERRIERTN ,TERRIE,TanWhite  ,Y,F,13,MAROOCHYDORE"
"D         ,Buster,CHIHUAHUAX,CHIHUA,TriColour ,Y,M,13,BUDERIM"
"D         ,Maddy,LABRADOR  ,LABRAD,Gold      ,Y,F,14,BUDERIM"
"D         ,Barnsey,SHEEPDGSH ,SHEEPD,WhiteTan  ,Y,M,14,ROSEMOUNT"
"D         ,Libby,LABRADOR  ,LABRAD,Black     ,Y,F,13,BLI BLI"
"D         ,Hollie,COLLBORDR ,COLLBO,BlackWhite,Y,F,13,BLI BLI"
"D         ,Nelson,HUSKY     ,HUSKY ,RedWhite  ,Y,M,14,VERRIERDALE"
"D         ,Bess,POODLETOY ,POODLE,Black     ,Y,F,13,MAROOCHYDORE"
"D         ,Zoe,STAFFRDBT ,STAFFR,BlackBrinW,Y,F,13,PALMWOODS"
"D         ,Missy,TERRIERSI ,TERRIE,BlackTanSi,Y,F,13,NAMBOUR"
"D         ,Digger,CATTLEDOGX,CATTLE,BlueTan   ,Y,M,13,WEST WOOMBYE"
"D         ,Bella,STAFFRDBT ,STAFFR,BlackBrown,Y,F,13,MUDJIMBA"
"D         ,Shakira,HUSKYX    ,HUSKY,White     ,Y,F,14,ALEXANDRA HEADLAND"
"D         ,Jessie,COLLBORDR ,COLLBO,BlackWhite,Y,F,13,ROSEMOUNT"
"D         ,Teddy Bear,COLLBORDR ,COLLBO,BlackWhite,Y,M,13,PACIFIC PARADISE"
"D         ,Chelsea,MALTESEX  ,MALTES,BlackWhite,Y,F,13,DOONAN"
"D         ,Daisi,TERRIERWT ,TERRIE,White     ,Y,F,13,KULUIN"
"D         ,Connie,JACKRUSSL ,JACKRU,TriColour ,Y,F,13,PERWILLOWEN"
"D         ,Casper,MALTESE   ,MALTES,White     ,Y,M,14,TANAWHA"
"D         ,Jess,MALTESE   ,MALTES,White     ,Y,F,13,BURNSIDE"
"D         ,Dino,FOXTERRIE ,FOXTER,BlackWhite,Y,M,12,COES CREEK"
"D         ,Jaz,POODLEMIN ,POODLE,Black     ,Y,F,13,BUDERIM"
"D         ,Annie,MALTESE   ,MALTES,White     ,Y,F,13,SIPPY DOWNS"
"D         ,Tara,STAFFRDBTX,STAFFR,Brindle   ,Y,F,13,BELLI PARK"
"D         ,Gemma,RETRIEVGDX,RETRIE,RedBrown  ,Y,F,13,EUMUNDI"
"D         ,Maggie,MALTESEX  ,MALTES,SableWhite,Y,F,13,BUDERIM"
"D         ,Isabel,SHIHTZUX  ,SHIHTZ,TriColour ,Y,F,13,MALENY"
"D         ,Izzy,JACKRUSSLX,JACKRU,TanWhite  ,Y,F,13,BUDERIM"
"D         ,Gus,LABRADOR  ,LABRAD,Gold      ,Y,M,14,MOUNTAIN CREEK"
"D         ,Maggie,JACKRUSSLX,JACKRU,BlackWhite,Y,F,15,MAROOCHYDORE"
"D         ,Tasha,JACKRUSSL ,JACKRU,BrownWhite,Y,F,13,COOLUM BEACH"
"D         ,Diesel,KELPIEAUS ,KELPIE,BlackWhite,N,M,13,NAMBOUR"
"D         ,Elsa,RIDGEBACKX,RIDGEB,Tan       ,Y,F,13,NAMBOUR"
"D         ,Milly,LABRADOODL,LABRAD,Gold      ,Y,F,13,TWIN WATERS"
"D         ,Aussie,LABRADOR  ,LABRAD,Yellow    ,Y,M,13,BUDERIM"
"D         ,Otto,JACKRUSSLX,JACKRU,TriColour ,Y,F,13,COOLUM BEACH"
"D         ,Honey,SPOODLE   ,SPOODL,Gold      ,Y,F,13,SIPPY DOWNS"
"D         ,Zarra,GREATDANE ,GREATD,Tan       ,Y,F,13,MAROOCHYDORE"
"D         ,Gypsy,HEELERX   ,HEELER,BlueGrey  ,Y,F,15,MOUNTAIN CREEK"
"D         ,Honey,COLLBORDRX,COLLBO,WhiteTan  ,Y,F,13,WEYBA DOWNS"
"D         ,Flossy,COLLBORDR ,COLLBO,Black     ,Y,F,13,WEYBA DOWNS"
"D         ,Bella-Rose,CORGI     ,CORGI ,RedWhite  ,Y,F,14,KUREELPA"
"D         ,Byron,MALTESE   ,MALTES,White     ,Y,M,15,KULUIN"
"D         ,Charlie,SPANIELKC ,SPANIE,Blenheim  ,Y,M,14,GLENVIEW"
"D         ,Mini Mouse,CHIHUAHUAX,CHIHUA,Black     ,Y,F,13,MOOLOOLABA"
"D         ,Charlie,JACKRUSSL ,JACKRU,WhiteTan  ,Y,M,13,MAROOCHYDORE"
"D         ,Ali,BASENJI   ,BASENJ,RedWhite  ,N,M,14,HIGHWORTH"
"D         ,Kosta,MALTESE   ,MALTES,White     ,Y,M,13,FOREST GLEN"
"D         ,Cleo,CATTLEDOGX,CATTLE,BlackTan  ,Y,F,13,NAMBOUR"
"D         ,Rusty,CATTLEDOGX,CATTLE,WhiteRed  ,Y,M,13,MOUNT COOLUM"
"D         ,Lilly,SHIHTZUX  ,SHIHTZ,Apricot   ,Y,F,13,MAROOCHYDORE"
"D         ,Misty,TERRIERWHX,TERRIE,Cream     ,Y,F,14,PALMWOODS"
"D         ,Jasmin,SPANIELTB ,SPANIE,BlackWhite,Y,F,13,MOOLOOLABA"
"D         ,Molly,POODLETOYX,POODLE,Black     ,Y,F,13,MOOLOOLABA"
"D         ,Sam,DALMATIANX,DALMAT,Black     ,Y,M,13,VERRIERDALE"
"D         ,Jack,STAFFRDBT ,STAFFR,Brindle   ,Y,M,13,MOUNTAIN CREEK"
"D         ,Max,CATDGSMTH ,CATDGS,Blue      ,Y,M,14,MOUNT COOLUM"
"D         ,Ebony,POODLETOY ,POODLE,Black     ,Y,F,17,BUDERIM"
"D         ,Jimmy,BICHONFRS ,BICHON,White     ,Y,M,13,BUDERIM"
"D         ,Ted,POODLEMINX,POODLE,Gold      ,Y,M,13,MOUNT COOLUM"
"D         ,Henry,COLLBORDRX,COLLBO,BlackWhite,Y,M,13,TOWEN MOUNTAIN"
"D         ,Bracken,BEAGLEX   ,BEAGLE,TriColour ,Y,M,13,COOLUM BEACH"
"D         ,Maddy,POMERANIAX,POMERA,Sable     ,Y,F,13,WOOMBYE"
"D         ,Bonnie,RETRIEVGD ,RETRIE,Gold      ,Y,F,13,PARREARRA"
"D         ,Harry,TERRIERYK ,TERRIE,BlackTan  ,Y,M,13,DOONAN"
"D         ,Coby,PAPPILLONX,PAPPIL,BlackWhite,Y,M,13,MONTVILLE"
"D         ,Xena,JACKRUSSL ,JACKRU,TriColour ,Y,F,13,PALMWOODS"
"D         ,Scully,JACKRUSSL ,JACKRU,TriColour ,Y,F,13,PALMWOODS"
"D         ,Duke,GERMNSHEP ,GERMNS,Black     ,Y,M,13,DOONAN"
"D         ,Wookie,LHASAAPSOX,LHASAA,White     ,Y,M,14,MOUNTAIN CREEK"
"D         ,Ruby,POODLETOYX,POODLE,GreyTan   ,Y,F,13,BUDERIM"
"D         ,Bella,RIDGEBACK ,RIDGEB,Gold      ,Y,F,13,MOUNTAIN CREEK"
"D         ,Jazz,SCHNAUZMN ,SCHNAU,SaltPepper,Y,F,13,BUDERIM"
"D         ,Rolly,SHARPEI   ,SHARPE,Fawn      ,Y,M,13,MAROOCHY RIVER"
"D         ,Toby,LHASAAPSOX,LHASAA,Cream     ,Y,M,13,BUDERIM"
"D         ,Missy,POODLEMINX,POODLE,Black     ,Y,F,13,PACIFIC PARADISE"
"D         ,Bella,SHIHTZU   ,SHIHTZ,TriColour ,Y,F,13,KULUIN"
"D         ,Oscar,MALTESEX  ,MALTES,White     ,Y,M,13,MOUNTAIN CREEK"
"D         ,Pasha,LABRADOR  ,LABRAD,Black     ,Y,F,13,MOOLOOLABA"
"D         ,Daisy,LABRADOR  ,LABRAD,White     ,Y,F,13,BUDERIM"
"D         ,Lucy Lui,BEAGLE    ,BEAGLE,TriColour ,Y,F,13,BUDERIM"
"D         ,Milo,KELPIEAUSX,KELPIE,TanWhite  ,Y,M,13,MOOLOOLABA"
"D         ,Monty,DACHSHUND ,DACHSH,Tan       ,Y,M,15,SIPPY DOWNS"
"D         ,Gabby,STAFFRDBTX,STAFFR,BlackBrind,Y,F,13,KUREELPA"
"D         ,Tilda,CATTLEDOGX,CATTLE,Red       ,Y,F,13,MAROOCHYDORE"
"D         ,Jack,SHIHTZUX  ,SHIHTZ,Brindle   ,Y,M,13,BUDERIM"
"D         ,Buddy,SPOODLE   ,SPOODL,Gold      ,Y,M,14,BUDERIM"
"D         ,Padi,STAFFRDAM ,STAFFR,TanWhite  ,Y,F,14,WARANA"
"D         ,Gypsy,SPANIELTBX,SPANIE,WhiteBlack,Y,F,13,BUDERIM"
"D         ,Sheala,BULLARABX ,BULLAR,Brindle   ,Y,F,13,MAROOCHYDORE"
"D         ,Maximus,SHIHTZUX  ,SHIHTZ,WhiteBrown,Y,M,13,KENILWORTH"
"D         ,Rusty,SPOODLE   ,SPOODL,Apricot   ,Y,M,13,PEREGIAN BEACH"
"D         ,Jasmine,MALTESEX  ,MALTES,White     ,Y,F,13,MOUNT COOLUM"
"D         ,Bella,KELPIEAUSX,KELPIE,Brown     ,Y,F,13,BURNSIDE"
"D         ,Charlie,SHIHTZU   ,SHIHTZ,BlackWhite,Y,M,13,PACIFIC PARADISE"
"D         ,Harvey,SHIHTZUX  ,SHIHTZ,Brindle   ,Y,M,13,DIDDILLIBAH"
"D         ,Jack,SPANIELCK ,SPANIE,Gold      ,Y,M,13,BLI BLI"
"D         ,Tully,SPOODLE   ,SPOODL,BlackGrey ,Y,M,13,MOUNTAIN CREEK"
"D         ,Oska,MALTESEX  ,MALTES,FawnWhite ,Y,M,13,BUDERIM"
"D         ,Tommy,PAPPILLON ,PAPPIL,WhiteBlakT,Y,M,13,BUDERIM"
"D         ,Bella,GERMNSHEP ,GERMNS,BlackTan  ,Y,F,13,SIPPY DOWNS"
"D         ,Tia,RETRIEVGD ,RETRIE,Gold      ,Y,F,13,NAMBOUR"
"D         ,Niko,MALTESEX  ,MALTES,WhiteBrown,Y,M,13,BUDERIM"
"D         ,Charlie,SPANIELAC ,SPANIE,Roan      ,Y,M,13,BUDERIM"
